id,title,quote
tatiana-galliher,Tatiana Galliher,A most quotable quote from Tatiana Galliher
aidan-laliberte,Aidan Laliberte,A most quotable quote from Aidan Laliberte
alanah-rafferty,Alanah Rafferty,A most quotable quote from Alanah Rafferty
alicia-wolfram,Alicia Wolfram,A most quotable quote from Alicia Wolfram
anastasia-li,Anastasia Li,A most quotable quote from Anastasia Li
arianna-wellmoney,Arianna Wellmoney,A most quotable quote from Arianna Wellmoney
ashleigh-nutt,Ashleigh Nutt,A most quotable quote from Ashleigh Nutt
baxter-linn,Baxter Linn,A most quotable quote from Baxter Linn
benjamin-mandell,Benjamin Mandell,A most quotable quote from Benjamin Mandell
bill-kozy,Bill Kozy,A most quotable quote from Bill Kozy
brad-lewis,Brad Lewis,A most quotable quote from Brad Lewis
buck-biestek,Buck Biestek,A most quotable quote from Buck Biestek
cameron-wilson,Cameron-Wilson,A most quotable quote from Cameron-Wilson
charikleia-mari,Charikleia Mari,A most quotable quote from Charikleia Mari
christopher-thomas,Christopher Thomas,A most quotable quote from Christopher Thomas
daria-karic,Daria Karic,A most quotable quote from Daria Karic
david-mcleod,David McLeod,A most quotable quote from David McLeod
emma-freeman,Emma Freeman,A most quotable quote from Emma Freeman
emma-worth,Emma Worth,A most quotable quote from Emma Worth
esther-de-la-cruz,Esther de la Cruz,A most quotable quote from Esther de la Cruz
evangelos-karakatsis,Evangelos Karakatsis,A most quotable quote from Evangelos Karakatsis
georgia-kate-haege,Georgia Kate Haege,A most quotable quote from Georgia Kate Haege
heather-gault,Heather Gault,A most quotable quote from Heather Gault
jackie-paladino,Jackie Paladino,A most quotable quote from Jackie Paladino
jae-kim,Jae Kim,A most quotable quote from Jae Kim
james-thomas,James Thomas,A most quotable quote from James Thomas
jonathan-frye,Jonathan Frye,A most quotable quote from Jonathan Frye
jose-ramos,Jose Ramos,A most quotable quote from Jose Ramos
josh-elliott-pickel,Josh Elliott Pickel,A most quotable quote from Josh Elliott Pickel
josiah-doggett,Josiah Doggett,A most quotable quote from Josiah Doggett
katherine-galanova,Katherine Galanova,A most quotable quote from Katherine Galanova
katka-krajcovic,Katka Krajcovic,A most quotable quote from Katka Krajcovic
len-deming,Len Deming,A most quotable quote from Len Deming
liam-armstrong,Liam Armstrong,A most quotable quote from Liam Armstrong
liana-wright-mark,Liana Wright-Mark,A most quotable quote from Liana Wright-Mark
lino-eisenberg,Lino Eisenberg,A most quotable quote from Lino Eisenberg
louschia-harding,Louschia Harding,A most quotable quote from Louschia Harding
marvic-pascual,Marvic Pascual,A most quotable quote from Marvic Pascual
mason-sullivan,Mason Sullivan,A most quotable quote from Mason Sullivan
melissa-croy,Melissa Croy,A most quotable quote from Melissa Croy
mickey-lonsdale,Mickey Lonsdale,A most quotable quote from Mickey Lonsdale
morgan-marcum,Morgan Marcum,A most quotable quote from Morgan Marcum
nicholas-nadashvili,Nicholas Nadashvili,A most quotable quote from Nicholas Nadashvili
patty-devine,Patty Devine,A most quotable quote from Patty Devine
paulina-mondragón,Paulina Mondragón,A most quotable quote from Paulina Mondragón
philip-schaefer,Philip Schaefer,A most quotable quote from Philip Schaefer
reni-mimura,Reni Mimura,A most quotable quote from Reni Mimura
scott-kozel,Scott Kozel,A most quotable quote from Scott Kozel
taylor-brandon,Taylor Brandon,A most quotable quote from Taylor Brandon
tom-knutson,Tom Knutson,A most quotable quote from Tom Knutson
valentina-sytcheva,Valentina Sytcheva,A most quotable quote from Valentina Sytcheva
weronika-helena-wozniak,Weronika Helena Wozniak,A most quotable quote from Weronika Helena Wozniak
yanina-hope,Yanina Hope,A most quotable quote from Yanina Hope
yohan-belmin,Yohan Belmin,A most quotable quote from Yohan Belmin